article:test/toefl.html:test/toefl.html
article:test/standby.html:test/standby.html
article:test/sat.html:test/sat.html
article:test/preparation.html:test/preparation.html
article:test/language.html:test/language.html
article:test/index.html:test/index.html
article:test/ielts.html:test/ielts.html
article:test/gre.html:test/gre.html
article:test/gmat.html:test/gmat.html
article:test/entrance.html:test/entrance.html
article:test/dates.html:test/dates.html
article:test/contact.html:test/contact.html
article:test/act.html:test/act.html
article:students/sports.html:students/sports.html
article:students/publictransit.html:students/publictransit.html
file:highlights/pdf/weekone.pdf:students/weekone.pdf
file:highlights/pdf/weektwo.pdf:students/weektwo.pdf
file:highlights/pdf/weekthree.pdf:students/weekthree.pdf
file:highlights/pdf/weekfour.pdf:students/weekfour.pdf
file:highlights/pdf/weekfive.pdf:students/weekfive.pdf
file:highlights/pdf/weeksix.pdf:students/weeksix.pdf
article:students/program.html:students/program.html
article:students/practical.html:students/practical.html
file:students/pdf/PAB_ENG2011.pdf:students/PAB_ENG2011.pdf
article:students/planning.html:students/planning.html
article:students/minifacts.html:students/minifacts.html
article:students/library.html:students/library.html
article:students/languagelab.html:students/languagelab.html
article:students/it.html:students/it.html
file:students/images/studentlife.jpg:students/studentlife.jpg
file:students/pdf/fronter.pdf:students/fronter.pdf
article:students/index.html:students/index.html
article:students/housing.html:students/housing.html
article:students/health.html:students/health.html
article:students/facilities.html:students/facilities.html
file:students/exdetails/images/viken.jpg:students/exdetails/viken.jpg
article:students/exdetails/viken.html:students/exdetails/viken.html
file:students/exdetails/images/telemark.jpg:students/exdetails/telemark.jpg
article:students/exdetails/telemark.html:students/exdetails/telemark.html
file:students/exdetails/images/rafting.jpg:students/exdetails/rafting.jpg
article:students/exdetails/rafting.html:students/exdetails/rafting.html
file:students/exdetails/images/hike.jpg:students/exdetails/hike.jpg
article:students/exdetails/hike.html:students/exdetails/hike.html
file:students/exdetails/images/hallingdal.jpg:students/exdetails/hallingdal.jpg
article:students/exdetails/hallingdal.html:students/exdetails/hallingdal.html
article:students/exdetails/bergen.html:students/exdetails/bergen.html
article:students/excursions.html:students/excursions.html
file:students/pdf/isscalendar2011.pdf:students/isscalendar2011.pdf
article:students/calendar.html:students/calendar.html
file:students/pdf/PAB_ENG2011.pdf:students/PAB_ENG2011.pdf
article:students/advice.html:students/advice.html
article:otherservices.html:otherservices.html
file:students/pdf/fronter.pdf:fronter.pdf
article:index.html:index.html
file:highlights/videos/iss2006_320.mov:highlights/iss2006_320.mov
article:highlights/videos.html:highlights/videos.html
file:highlights/images/teachers/dummy.jpg:highlights/dummy.jpg
file:highlights/images/teachers/oleary.jpg:highlights/oleary.jpg
file:highlights/images/teachers/olsen.jpg:highlights/olsen.jpg
file:highlights/images/teachers/dummy.jpg:highlights/dummy.jpg
file:highlights/images/teachers/dummy.jpg:highlights/dummy.jpg
file:highlights/images/teachers/holm.jpeg:highlights/holm.jpeg
file:highlights/images/teachers/eriksen.jpg:highlights/eriksen.jpg
file:highlights/images/teachers/alexendroni.jpg:highlights/alexendroni.jpg
file:highlights/images/teachers/dummy.jpg:highlights/dummy.jpg
file:highlights/images/teachers/kulland.jpg:highlights/kulland.jpg
file:highlights/images/teachers/pharo.jpeg:highlights/pharo.jpeg
file:highlights/images/teachers/dummy.jpg:highlights/dummy.jpg
file:highlights/images/teachers/wapinska.jpeg:highlights/wapinska.jpeg
file:highlights/images/teachers/sandvei.jpeg:highlights/sandvei.jpeg
file:highlights/images/teachers/ledang.jpeg:highlights/ledang.jpeg
file:highlights/images/teachers/rysst.jpg:highlights/rysst.jpg
file:highlights/images/teachers/dummy.jpg:highlights/dummy.jpg
file:highlights/images/teachers/tomson.jpg:highlights/tomson.jpg
file:highlights/images/teachers/storvestre.jpg:highlights/storvestre.jpg
file:highlights/images/teachers/dummy.jpg:highlights/dummy.jpg
file:highlights/images/teachers/dummy.jpg:highlights/dummy.jpg
file:highlights/images/teachers/dummy.jpg:highlights/dummy.jpg
file:highlights/images/teachers/tysse.jpeg:highlights/tysse.jpeg
file:highlights/images/teachers/storset.jpeg:highlights/storset.jpeg
file:highlights/images/teachers/walton.jpeg:highlights/walton.jpeg
file:highlights/images/teachers/berguson.jpg:highlights/berguson.jpg
file:highlights/images/teachers/mansfield.jpg:highlights/mansfield.jpg
file:highlights/images/teachers/bennett.jpg:highlights/bennett.jpg
file:highlights/images/teachers/rogg.jpg:highlights/rogg.jpg
file:highlights/images/teachers/indset.jpeg:highlights/indset.jpeg
file:highlights/images/teachers/dummy.jpg:highlights/dummy.jpg
file:highlights/images/teachers/restad.jpg:highlights/restad.jpg
file:highlights/images/teachers/ekern.jpg:highlights/ekern.jpg
file:highlights/images/teachers/langford.jpg:highlights/langford.jpg
file:highlights/images/teachers/plesner.jpg:highlights/plesner.jpg
file:highlights/images/teachers/dummy.jpg:highlights/dummy.jpg
file:highlights/images/teachers/skjorten.jpeg:highlights/skjorten.jpeg
file:highlights/images/teachers/janhes.jpg:highlights/janhes.jpg
file:highlights/images/teachers/indset.jpeg:highlights/indset.jpeg
file:highlights/images/teachers/dummy.jpg:highlights/dummy.jpg
file:highlights/images/teachers/dummy.jpg:highlights/dummy.jpg
file:highlights/images/teachers/rogg.jpg:highlights/rogg.jpg
file:highlights/images/teachers/haagensen.jpg:highlights/haagensen.jpg
file:highlights/images/teachers/butters.jpg:highlights/butters.jpg
file:highlights/images/teachers/winther.jpg:highlights/winther.jpg
file:highlights/images/teachers/dummy.jpg:highlights/dummy.jpg
file:highlights/images/teachers/dummy.jpg:highlights/dummy.jpg
file:highlights/images/teachers/low.jpg:highlights/low.jpg
file:highlights/images/teachers/ames.jpg:highlights/ames.jpg
file:highlights/images/teachers/oleary.jpg:highlights/oleary.jpg
file:highlights/images/teachers/fisher.jpeg:highlights/fisher.jpeg
file:highlights/images/teachers/hoie.jpeg:highlights/hoie.jpeg
file:highlights/images/teachers/dummy.jpg:highlights/dummy.jpg
file:highlights/images/teachers/dummy.jpg:highlights/dummy.jpg
article:highlights/teachers.html:highlights/teachers.html
file:highlights/images/staff/johanmarius.jpg:highlights/johanmarius.jpg
file:highlights/images/staff/dummy.jpg:highlights/dummy.jpg
file:highlights/images/staff/dummy.jpg:highlights/dummy.jpg
file:highlights/images/staff/wojtek.jpg:highlights/wojtek.jpg
file:highlights/images/staff/dummy.jpg:highlights/dummy.jpg
file:highlights/images/staff/ramil.jpg:highlights/ramil.jpg
file:highlights/images/staff/elisabeth.jpg:highlights/elisabeth.jpg
file:highlights/images/staff/anna.jpg:highlights/anna.jpg
file:highlights/images/staff/dummy.jpg:highlights/dummy.jpg
file:highlights/images/staff/sean.jpg:highlights/sean.jpg
file:highlights/images/staff/silje.jpg:highlights/silje.jpg
file:highlights/images/staff/kjell.jpg:highlights/kjell.jpg
file:highlights/images/staff/dlzar.jpg:highlights/dlzar.jpg
file:highlights/images/staff/dummy.jpg:highlights/dummy.jpg
file:highlights/images/staff/dummy.jpg:highlights/dummy.jpg
article:highlights/summerstaff.html:highlights/summerstaff.html
file:highlights/images/staff/einar.jpg:highlights/einar.jpg
file:highlights/images/staff/sissel.jpg:highlights/sissel.jpg
file:highlights/images/staff/joey.jpg:highlights/joey.jpg
file:highlights/images/staff/heather.jpg:highlights/heather.jpg
file:highlights/images/staff/hanschristoffer.jpg:highlights/hanschristoffer.jpg
file:highlights/images/staff/dummy.jpg:highlights/dummy.jpg
file:highlights/images/staff/tarjei.jpg:highlights/tarjei.jpg
file:highlights/images/staff/ingvild.jpg:highlights/ingvild.jpg
file:highlights/images/staff/arne.jpg:highlights/arne.jpg
file:highlights/images/staff/torild.jpg:highlights/torild.jpg
file:highlights/images/staff/michelle.jpg:highlights/michelle.jpg
file:highlights/images/staff/margareta.jpg:highlights/margareta.jpg
file:highlights/images/staff/jennifer.jpg:highlights/jennifer.jpg
file:highlights/images/staff/jeanne.jpg:highlights/jeanne.jpg
file:highlights/images/staff/inger.jpg:highlights/inger.jpg
article:highlights/staff.html:highlights/staff.html
file:highlights/images/chandan.jpg:highlights/chandan.jpg
file:highlights/images/missy.jpg:highlights/missy.jpg
file:highlights/images/gleb.jpg:highlights/gleb.jpg
file:highlights/images/uta.jpg:highlights/uta.jpg
file:highlights/images/rachel.jpg:highlights/rachel.jpg
file:highlights/images/peter.jpeg:highlights/peter.jpeg
file:highlights/images/davis.jpeg:highlights/davis.jpeg
file:highlights/images/christine.jpeg:highlights/christine.jpeg
file:highlights/images/manga.jpeg:highlights/manga.jpeg
file:highlights/images/rassamee.jpeg:highlights/rassamee.jpeg
file:highlights/images/svetlana.jpeg:highlights/svetlana.jpeg
article:highlights/spotlight.html:highlights/spotlight.html
file:highlights/images/uta.jpg:highlights/spotlight/uta.jpg
article:highlights/spotlight/uta.html:highlights/spotlight/uta.html
file:highlights/images/svetlana.jpeg:highlights/spotlight/svetlana.jpeg
article:highlights/spotlight/svetlana.html:highlights/spotlight/svetlana.html
file:highlights/images/rassamee.jpeg:highlights/spotlight/rassamee.jpeg
article:highlights/spotlight/rassamee.html:highlights/spotlight/rassamee.html
file:highlights/images/rachel.jpg:highlights/spotlight/rachel.jpg
article:highlights/spotlight/rachel.html:highlights/spotlight/rachel.html
file:highlights/images/peter.jpeg:highlights/spotlight/peter.jpeg
article:highlights/spotlight/peter.html:highlights/spotlight/peter.html
file:highlights/images/missy.jpg:highlights/spotlight/missy.jpg
article:highlights/spotlight/missy.html:highlights/spotlight/missy.html
file:highlights/images/manga.jpeg:highlights/spotlight/manga.jpeg
article:highlights/spotlight/manga.html:highlights/spotlight/manga.html
file:highlights/images/gleb.jpg:highlights/spotlight/gleb.jpg
article:highlights/spotlight/gleb.html:highlights/spotlight/gleb.html
file:highlights/images/davis.jpeg:highlights/spotlight/davis.jpeg
article:highlights/spotlight/davis.html:highlights/spotlight/davis.html
file:highlights/images/christine.jpeg:highlights/spotlight/christine.jpeg
article:highlights/spotlight/christine.html:highlights/spotlight/christine.html
file:highlights/images/chandan.jpg:highlights/spotlight/chandan.jpg
article:highlights/spotlight/chandan.html:highlights/spotlight/chandan.html
file:highlights/images/BlindernMap.gif:highlights/BlindernMap.gif
article:highlights/maps.html:highlights/maps.html
article:highlights/index.html:highlights/index.html
file:highlights/images/2011vei.jpg:highlights/2011vei.jpg
file:highlights/pdf/weekone.pdf:highlights/weekone.pdf
file:highlights/pdf/weektwo.pdf:highlights/weektwo.pdf
file:highlights/pdf/quiz_uio200.pdf:highlights/quiz_uio200.pdf
file:students/pdf/fronter.pdf:highlights/fronter.pdf
article:highlights/happening.html:highlights/happening.html
article:highlights/gallery.html:highlights/gallery.html
file:highlights/images/academic.jpg:highlights/academic.jpg
file:highlights/images/cultural.jpg:highlights/cultural.jpg
file:highlights/images/confidence.jpg:highlights/confidence.jpg
article:highlights/experience.html:highlights/experience.html
article:highlights/countries.html:highlights/countries.html
article:highlights/contact.html:highlights/contact.html
article:faq/index.html:faq/index.html
article:faq/faqs05.html:faq/faqs05.html
article:faq/faqs04.html:faq/faqs04.html
article:faq/faqs03.html:faq/faqs03.html
article:faq/faqs02.html:faq/faqs02.html
article:faq/faqs.html:faq/faqs.html
file:expenses/pdf/NABOscholarships_2011.pdf:expenses/NABOscholarships_2011.pdf
article:expenses/scholarships.html:expenses/scholarships.html
file:expenses/images/invoice_number.jpg:expenses/invoice_number.jpg
file:expenses/pdf/invoice.pdf:expenses/invoice.pdf
file:expenses/pdf/invoice.pdf:expenses/invoice.pdf
article:expenses/payment.html:expenses/payment.html
article:expenses/index.html:expenses/index.html
file:expenses/pdf/NABOscholarships_2011.pdf:expenses/NABOscholarships_2011.pdf
article:expenses/details.html:expenses/details.html
article:courses/schedule.html:courses/schedule.html
file:courses/images/pds.jpg:courses/pds.jpg
file:courses/pdf/pds_syllabus.pdf:courses/pds_syllabus.pdf
article:courses/pds.html:courses/pds.html
file:courses/exams/2007-T1.PDF:courses/2007-T1.PDF
file:courses/exams/2006-T1.pdf:courses/2006-T1.pdf
file:courses/exams/2005-T1.pdf:courses/2005-T1.pdf
file:courses/exams/2004-T1.pdf:courses/2004-T1.pdf
file:courses/exams/2003-T1.pdf:courses/2003-T1.pdf
file:courses/exams/2002-T1.pdf:courses/2002-T1.pdf
file:courses/exams/2001-T1.pdf:courses/2001-T1.pdf
file:courses/exams/2000-T1.pdf:courses/2000-T1.pdf
file:courses/exams/1999-T1.pdf:courses/1999-T1.pdf
file:courses/exams/2007-T2.PDF:courses/2007-T2.PDF
file:courses/exams/2006-T2.pdf:courses/2006-T2.pdf
file:courses/exams/2005-T2.pdf:courses/2005-T2.pdf
file:courses/exams/2004-T2.pdf:courses/2004-T2.pdf
file:courses/exams/2003-T2.pdf:courses/2003-T2.pdf
file:courses/exams/2002-T2.pdf:courses/2002-T2.pdf
file:courses/exams/2001-T2.pdf:courses/2001-T2.pdf
file:courses/exams/2000-T2.pdf:courses/2000-T2.pdf
file:courses/exams/1999-T2.pdf:courses/1999-T2.pdf
file:courses/exams/2007-T3.PDF:courses/2007-T3.PDF
file:courses/exams/2006-T3.pdf:courses/2006-T3.pdf
file:courses/exams/2005-T3.pdf:courses/2005-T3.pdf
file:courses/exams/2004-T3.pdf:courses/2004-T3.pdf
file:courses/exams/2003-T3.pdf:courses/2003-T3.pdf
file:courses/exams/2002-T3.pdf:courses/2002-T3.pdf
file:courses/exams/2001-T3.pdf:courses/2001-T3.pdf
file:courses/exams/2000-T3.pdf:courses/2000-T3.pdf
file:courses/exams/1999-T3.pdf:courses/1999-T3.pdf
file:courses/exams/2007-T4.PDF:courses/2007-T4.PDF
file:courses/exams/2006-T4.PDF:courses/2006-T4.PDF
file:courses/exams/2005-T4.PDF:courses/2005-T4.PDF
file:courses/exams/2003-T4.pdf:courses/2003-T4.pdf
file:courses/exams/2002-T4.pdf:courses/2002-T4.pdf
file:courses/exams/2001-T4.pdf:courses/2001-T4.pdf
file:courses/exams/2000-T4.pdf:courses/2000-T4.pdf
file:courses/exams/1999-T4.pdf:courses/1999-T4.pdf
article:courses/oldexams.html:courses/oldexams.html
article:courses/norwegian.html:courses/norwegian.html
article:courses/literature.html:courses/literature.html
file:students/pdf/fronter.pdf:courses/fronter.pdf
article:courses/index.html:courses/index.html
article:courses/exams.html:courses/exams.html
file:courses/images/eilc.jpg:courses/eilc.jpg
article:courses/eilc.html:courses/eilc.html
article:courses/credits.html:courses/credits.html
article:courses/cite.html:courses/cite.html
article:courses/attendance.html:courses/attendance.html
file:courses/images/4957.jpg:courses/4957.jpg
file:courses/pdf/4957_syllabus.pdf:courses/4957_syllabus.pdf
article:courses/4957.html:courses/4957.html
file:courses/images/4854.jpg:courses/4854.jpg
file:courses/pdf/4854_syllabus.pdf:courses/4854_syllabus.pdf
article:courses/4854.html:courses/4854.html
file:courses/images/4756.jpg:courses/4756.jpg
file:courses/pdf/4756_syllabus.pdf:courses/4756_syllabus.pdf
article:courses/4756.html:courses/4756.html
file:courses/images/4711.jpg:courses/4711.jpg
file:courses/pdf/4711_syllabus.pdf:courses/4711_syllabus.pdf
article:courses/4711.html:courses/4711.html
file:courses/images/4310.jpg:courses/4310.jpg
file:courses/pdf/4310_syllabus.pdf:courses/4310_syllabus.pdf
article:courses/4310.html:courses/4310.html
file:courses/images/4205.jpg:courses/4205.jpg
file:courses/pdf/4205_syllabus.pdf:courses/4205_syllabus.pdf
article:courses/4205.html:courses/4205.html
file:courses/images/4180.jpg:courses/4180.jpg
file:courses/pdf/4180_syllabus.pdf:courses/4180_syllabus.pdf
article:courses/4180.html:courses/4180.html
file:courses/images/4060.jpg:courses/4060.jpg
file:courses/pdf/4060_syllabus.pdf:courses/4060_syllabus.pdf
file:courses/pdf/2060_syllabus.pdf:courses/2060_syllabus.pdf
article:courses/4060.html:courses/4060.html
file:courses/images/1855.jpg:courses/1855.jpg
file:courses/pdf/1855_syllabus.pdf:courses/1855_syllabus.pdf
article:courses/1855.html:courses/1855.html
file:courses/images/1850.jpg:courses/1850.jpg
file:courses/pdf/1850_syllabus.pdf:courses/1850_syllabus.pdf
article:courses/1850.html:courses/1850.html
file:courses/images/1753.jpg:courses/1753.jpg
file:courses/pdf/1753_syllabus.pdf:courses/1753_syllabus.pdf
article:courses/1753.html:courses/1753.html
file:courses/images/1530.jpg:courses/1530.jpg
file:courses/pdf/1530_syllabus.pdf:courses/1530_syllabus.pdf
article:courses/1530.html:courses/1530.html
file:courses/images/1320.jpg:courses/1320.jpg
file:courses/pdf/1320_syllabus.pdf:courses/1320_syllabus.pdf
article:courses/1320.html:courses/1320.html
file:courses/images/1143.jpg:courses/1143.jpg
article:courses/1143.html:courses/1143.html
file:courses/images/1142.jpg:courses/1142.jpg
file:courses/pdf/1142_syllabus.pdf:courses/1142_syllabus.pdf
article:courses/1142.html:courses/1142.html
file:courses/images/1115.jpg:courses/1115.jpg
file:courses/pdf/1115_syllabus.pdf:courses/1115_syllabus.pdf
article:courses/1115.html:courses/1115.html
file:courses/images/0500.jpg:courses/0500.jpg
file:courses/pdf/0500_syllabus.pdf:courses/0500_syllabus.pdf
file:courses/pdf/norge_2009_en.pdf:courses/norge_2009_en.pdf
file:courses/pdf/norge_2009.pdf:courses/norge_2009.pdf
file:courses/pdf/ola_kari_en.pdf:courses/ola_kari_en.pdf
file:courses/pdf/kari_ola.pdf:courses/kari_ola.pdf
article:courses/0500.html:courses/0500.html
file:courses/images/0140.jpg:courses/0140.jpg
article:courses/0140.html:courses/0140.html
file:courses/images/0130.jpg:courses/0130.jpg
file:courses/pdf/trinn3.pdf:courses/trinn3.pdf
file:courses/pdf/trinn3.pdf:courses/trinn3.pdf
article:courses/0130.html:courses/0130.html
file:courses/images/0120.jpg:courses/0120.jpg
article:courses/0120.html:courses/0120.html
file:courses/images/0110jpg:courses/0110jpg
article:courses/0110.html:courses/0110.html
article:admission/timeline.html:admission/timeline.html
article:admission/requirements.html:admission/requirements.html
article:admission/lang_requirements.html:admission/lang_requirements.html
file:admission/images/1.jpg:admission/1.jpg
file:admission/images/2.jpg:admission/2.jpg
file:admission/images/3.jpg:admission/3.jpg
file:admission/images/4.jpg:admission/4.jpg
file:admission/images/5.jpg:admission/5.jpg
file:admission/images/6.jpg:admission/6.jpg
file:admission/images/7.jpg:admission/7.jpg
article:admission/index.html:admission/index.html
article:admission/guide.html:admission/guide.html
article:admission/graduate_requirements.html:admission/graduate_requirements.html
article:admission/basic_requirements.html:admission/basic_requirements.html
